{"cameraMode":{"drawMode":0,"name":"Shaded","section":"Shading Mode"},"sceneLighting":true,"audioPlay":false,"sceneViewState":{"showFog":true,"showMaterialUpdate":false,"showSkybox":true,"showFlares":true,"showImageEffects":true,"showParticleSystems":true,"showVisualEffectGraphs":true,"m_FxEnabled":true},"in2DMode":false,"pivot":{"x":0.49960586428642275,"y":8.521906852722168,"z":-0.14617443084716798},"rotation":{"x":0.0018093794351443649,"y":0.0014960836851969362,"z":0.000003168892362737097,"w":1.0000057220458985},"size":2.820134401321411,"orthographic":false}