{"cameraMode":{"drawMode":0,"name":"Shaded","section":"Shading Mode"},"sceneLighting":true,"audioPlay":false,"sceneViewState":{"showFog":true,"showMaterialUpdate":false,"showSkybox":true,"showFlares":true,"showImageEffects":true,"showParticleSystems":true,"showVisualEffectGraphs":true,"m_FxEnabled":true},"in2DMode":false,"pivot":{"x":0.7039486765861511,"y":-1.7353577613830567,"z":19.627819061279298},"rotation":{"x":0.12745054066181184,"y":0.013385003432631493,"z":-0.0017200830625370145,"w":0.9917526841163635},"size":2.6497883796691896,"orthographic":false}