{"cameraMode":{"drawMode":0,"name":"Shaded","section":"Shading Mode"},"sceneLighting":false,"audioPlay":false,"sceneViewState":{"showFog":true,"showMaterialUpdate":false,"showSkybox":false,"showFlares":true,"showImageEffects":true,"showParticleSystems":true},"in2DMode":false,"pivot":{"x":299.9938659667969,"y":659.7981567382813,"z":0.38916015625},"rotation":{"x":0.0018093794351443649,"y":0.0014960836851969362,"z":0.000003168892362737097,"w":1.0000057220458985},"size":7.191129684448242,"orthographic":false}