{"cameraMode":{"drawMode":0,"name":"Shaded","section":"Shading Mode"},"sceneLighting":true,"audioPlay":false,"sceneViewState":{"showFog":true,"showMaterialUpdate":false,"showSkybox":true,"showFlares":true,"showImageEffects":true,"showParticleSystems":true,"showVisualEffectGraphs":true,"m_FxEnabled":true},"in2DMode":false,"pivot":{"x":0.3675420582294464,"y":1.4935593605041505,"z":16.727563858032228},"rotation":{"x":0.1036236435174942,"y":-0.0000034234456052217867,"z":3.525080103372602e-7,"w":0.9946190714836121},"size":6.648176670074463,"orthographic":false}